feature,mean_abs_shap
sym_ratio_emg_15_rm7,0.2149895
s6_acc_x_rms,0.21333653
s7_acc_x_rms,0.19036956
ctx_Walking,0.17000613
s8_acc_z_rms,0.15627436
s4_acc_x_rms,0.14960785
s2_emg_rms,0.13939117
sym_ratio_emg_15,0.116809204
s6_emg_rms,0.11364407
sym_ratio_acc_48,0.11214751
s8_emg_rms,0.1064707
sym_ratio_emg_48_rm7,0.09942861
s2_acc_y_rms,0.09881635
sym_ratio_emg_26_rm7,0.09789679
s3_acc_x_rms,0.09737344
loadshare_acc_7,0.08644214
loadshare_acc_4,0.08587304
s1_acc_x_rms,0.08472104
loadshare_acc_3,0.08469588
s2_acc_x_rms,0.07859809
s1_acc_z_rms,0.07612065
s4_emg_rms,0.07017046
sym_ratio_emg_15_rm3,0.064311676
s5_acc_z_rms_norm_ema5,0.0639419
sym_ratio_acc_37,0.06175607
s3_gyro_z_rms,0.058893092
inter_sym_ctrl_48,0.05373135
s7_gyro_peak_angular_vel_norm_ema5,0.053407542
sym_ratio_acc_26,0.053111445
ctrl_ratio_8,0.052369077
s5_acc_z_rms,0.051789183
s6_acc_y_rms,0.050811242
sym_ratio_emg_15_rm5,0.050718762
sym_ratio_acc_15,0.050218638
sym_ratio_emg_37_rm7,0.050009727
loadshare_acc_8,0.04945768
s5_acc_x_rms,0.04892829
s7_acc_y_rms,0.04880187
s1_acc_y_rms,0.047332387
s6_gyro_z_rms,0.044684835
loadshare_acc_2,0.044501033
s4_acc_y_rms,0.042931356
s8_gyro_z_rms,0.04141038
s5_acc_y_rms,0.041334026
s4_gyro_z_rms,0.038786612
s2_gyro_y_rms,0.038692363
sym_ratio_emg_48_rrange5,0.03850878
s8_acc_x_rms,0.038415063
s3_acc_z_rms,0.037981335
s6_acc_z_rms,0.03708999
lrshare_acc,0.03697713
sym_ratio_emg_48,0.036308672
s2_acc_z_rms,0.036268152
s4_acc_z_rms_norm_ema5,0.036126737
s8_emg_mav_norm_rm5,0.034820333
s5_emg_rms,0.034524035
s1_emg_rms,0.03271158
ctrl_ratio_5,0.030955696
s1_gyro_peak_angular_vel_norm,0.030216182
s7_acc_z_rms,0.030136567
s3_gyro_x_rms,0.029538801
s8_acc_y_rms,0.02944853
s4_acc_z_rms,0.02942239
s6_gyro_peak_angular_vel_norm_absd1,0.028959634
sym_ratio_emg_48_rm5,0.028562294
s8_acc_z_rms_norm_ema5,0.027474515
s5_gyro_peak_angular_vel_norm,0.026246889
s4_gyro_y_rms,0.026130438
sym_ratio_emg_26,0.025520546
ctrl_ratio_3,0.024832973
s6_emg_mav_norm,0.024688037
s8_gyro_peak_angular_vel_norm_absd1,0.024272656
sym_ratio_emg_37_rrange5,0.024117285
s1_acc_z_rms_norm,0.023135193
s7_gyro_z_rms,0.022997808
s1_gyro_x_rms,0.022808842
ctrl_ratio_6,0.022517527
s5_gyro_y_rms,0.022463743
s7_gyro_peak_angular_vel_norm_absd1,0.022229465
s4_emg_mav_norm_rm5,0.021807501
s2_emg_mav_norm_ema5,0.02166115
s6_emg_mav_norm_rs5,0.021597793
loadshare_acc_5,0.021551454
s8_gyro_x_rms,0.021545675
lrshare_emg,0.021235792
sym_ratio_emg_48_rm3,0.021146566
s3_emg_rms,0.020894412
s5_acc_z_rms_norm_lag4,0.02087046
s8_emg_mav_norm_ema5,0.019633645
loadshare_acc_6,0.019484736
sym_ratio_gyro_37,0.01929215
s2_emg_mav_norm,0.019074237
sym_ratio_gyro_48,0.019045666
sym_ratio_emg_48_rs5,0.018776672
s1_acc_z_rms_norm_ema5,0.018579952
s7_gyro_x_rms,0.01850416
sym_ratio_emg_15_rrange5,0.018487968
s7_emg_rms,0.018347465
s4_gyro_x_rms,0.018048108
s7_emg_mav_norm_rs5,0.017899543
s5_acc_z_rms_norm,0.01772832
s3_gyro_y_rms,0.017253352
sym_ratio_emg_37,0.017121302
s8_gyro_y_rms,0.017110022
s1_gyro_y_rms,0.01707817
loadshare_gyro_4,0.017061763
s6_acc_z_rms_norm_ema5,0.016906776
s8_emg_mav_norm_absd1,0.016821774
sym_ratio_emg_15_rs5,0.016717102
s4_gyro_peak_angular_vel_norm_absd1,0.016539976
s2_acc_z_rms_norm_lag4,0.016379222
s2_gyro_z_rms,0.016345745
s5_gyro_x_rms,0.016124014
ctrl_ratio_1,0.015701868
s7_acc_z_rms_norm,0.0156361
s8_acc_z_rms_norm,0.015430419
s4_gyro_peak_angular_vel_norm,0.015343347
loadshare_acc_1,0.015171872
inter_sym_ctrl_37,0.015115037
s1_emg_mav_norm_absd1,0.014967146
sym_ratio_emg_26_rm5,0.014900207
loadshare_emg_4,0.01471649
s4_acc_z_rms_norm_lag4,0.014644143
s2_acc_z_rms_norm_lag1,0.014611999
loadshare_emg_5,0.014371941
inter_sym_ctrl_26,0.014153338
loadshare_emg_6,0.013720329
s4_gyro_peak_angular_vel_norm_lag3,0.0130800335
s8_gyro_peak_angular_vel_norm_ema5,0.013020464
s1_gyro_peak_angular_vel_norm_absd1,0.012684499
s5_acc_z_rms_norm_lag1,0.012676256
s5_emg_mav_norm_rm5,0.012493127
s5_emg_mav_norm_rs5,0.012492596
ctrl_ratio_4,0.012437018
s1_emg_mav_norm_rs5,0.01229918
sym_ratio_emg_37_rs5,0.012094104
sym_ratio_emg_26_rm3,0.011964363
s6_emg_mav_norm_ema5,0.0118569685
s4_emg_mav_norm_absd1,0.011716282
s1_acc_z_rms_norm_lag2,0.011662468
s5_acc_z_rms_norm_lag2,0.011403791
s4_gyro_peak_angular_vel_norm_lag2,0.0111865485
s4_gyro_peak_angular_vel_norm_lag1,0.011127017
s2_emg_mav_norm_rm5,0.010979248
s8_emg_mav_norm_rs5,0.010889658
s2_emg_mav_norm_absd1,0.010886166
s1_gyro_peak_angular_vel_norm_ema5,0.010878473
s6_gyro_x_rms,0.010867245
s2_acc_z_rms_norm,0.010839314
s4_gyro_peak_angular_vel_norm_lag4,0.010772982
s7_acc_z_rms_norm_lag2,0.010714772
s6_acc_z_rms_norm_lag4,0.010610396
s3_gyro_peak_angular_vel_norm,0.010507025
s6_gyro_y_rms,0.010481135
loadshare_emg_3,0.010426872
s7_emg_mav_norm_absd1,0.010311223
s3_acc_y_rms,0.010288414
loadshare_emg_8,0.010242018
s7_acc_z_rms_norm_ema5,0.01012647
ctx_Seated leg extension,0.01005034
s5_gyro_z_rms,0.009865502
s4_emg_mav_norm_ema5,0.009855411
s2_acc_z_rms_norm_ema5,0.00976257
s4_acc_z_rms_norm,0.009660993
s2_acc_z_rms_norm_lag3,0.0095754005
s5_acc_z_rms_norm_absd1,0.009518032
ctx_Squat,0.009499774
s6_emg_mav_norm_absd1,0.009455146
s1_gyro_peak_angular_vel_norm_lag3,0.009400278
sym_ratio_emg_37_rm5,0.009330808
s4_emg_mav_norm_rs5,0.00932261
loadshare_emg_2,0.009163294
s5_gyro_peak_angular_vel_norm_lag1,0.008947115
s8_emg_mav_norm_delta1,0.00894677
s7_emg_mav_norm_ema5,0.008928197
loadshare_gyro_5,0.008894753
s3_acc_z_rms_norm_absd1,0.008846806
sym_ratio_gyro_15,0.008760156
sym_ratio_emg_37_rm3,0.0087495595
s7_acc_z_rms_norm_lag1,0.008600225
ctrl_ratio_2,0.008519678
s5_acc_z_rms_norm_delta1,0.008512545
s7_gyro_y_rms,0.008495454
s4_emg_mav_norm,0.008492445
loadshare_gyro_2,0.008478481
sym_ratio_emg_37_symdelta,0.008443901
s2_gyro_peak_angular_vel_norm_ema5,0.0084415525
s5_emg_mav_norm_ema5,0.008368329
loadshare_gyro_1,0.008326283
s1_gyro_peak_angular_vel_norm_lag1,0.008012693
s7_gyro_peak_angular_vel_norm,0.007887412
s7_acc_z_rms_norm_absd1,0.007855107
s4_acc_z_rms_norm_absd1,0.007836118
s1_acc_z_rms_norm_lag1,0.007532864
s6_gyro_peak_angular_vel_norm,0.0075140605
s3_acc_z_rms_norm_ema5,0.007400911
ctrl_ratio_7,0.007394706
s6_acc_z_rms_norm,0.007135908
s3_emg_mav_norm_rs5,0.006938073
s8_gyro_peak_angular_vel_norm,0.006814987
inter_sym_ctrl_15,0.006787552
loadshare_emg_1,0.0065980298
s2_gyro_peak_angular_vel_norm,0.006574434
s6_acc_z_rms_norm_lag2,0.0065340893
s4_acc_z_rms_norm_lag3,0.006527958
s2_acc_z_rms_norm_absd1,0.006513097
s2_emg_mav_norm_rs5,0.006504636
sym_ratio_emg_48_symdelta,0.0063932333
s8_acc_z_rms_norm_absd1,0.006305653
loadshare_emg_7,0.0062780874
s6_emg_mav_norm_rm5,0.006163915
s1_gyro_z_rms,0.006102253
s8_emg_mav_norm,0.006071021
s8_acc_z_rms_norm_lag4,0.0060685207
s5_gyro_peak_angular_vel_norm_ema5,0.0058899806
s4_acc_z_rms_norm_lag2,0.00573486
s5_gyro_peak_angular_vel_norm_absd1,0.0055941315
loadshare_gyro_6,0.0055231485
s7_emg_mav_norm,0.0055053155
s2_emg_mav_norm_delta1,0.005441681
sym_ratio_emg_26_rrange5,0.005434426
s3_acc_z_rms_norm_lag3,0.005429419
lrshare_gyro,0.0053892722
s6_acc_z_rms_norm_lag3,0.005359901
s3_gyro_peak_angular_vel_norm_ema5,0.0053335326
s6_acc_z_rms_norm_lag1,0.0052130404
loadshare_gyro_7,0.0052084783
s1_gyro_peak_angular_vel_norm_lag2,0.005176332
s3_acc_z_rms_norm_lag4,0.005132275
s1_emg_mav_norm_ema5,0.0049264105
s3_gyro_peak_angular_vel_norm_lag1,0.0049005365
s1_emg_mav_norm_rm5,0.004885321
s5_emg_mav_norm,0.004774255
s2_acc_z_rms_norm_lag2,0.0046171746
s7_acc_z_rms_norm_lag3,0.004612997
s2_gyro_x_rms,0.0045474647
s1_emg_mav_norm,0.004545772
s3_emg_mav_norm_rm5,0.0044345465
s6_acc_z_rms_norm_delta2,0.0044318084
s1_acc_z_rms_norm_lag3,0.004313707
loadshare_gyro_3,0.0043118624
s4_gyro_peak_angular_vel_norm_delta2,0.004273434
s4_acc_z_rms_norm_lag1,0.004224735
s3_emg_mav_norm,0.004143754
s5_emg_mav_norm_absd1,0.004074649
s7_gyro_peak_angular_vel_norm_lag4,0.0039799986
s8_gyro_peak_angular_vel_norm_lag4,0.003946277
s4_emg_mav_norm_delta1,0.003928293
s5_acc_z_rms_norm_lag3,0.0039050106
s8_acc_z_rms_norm_lag3,0.003899098
s4_gyro_peak_angular_vel_norm_ema5,0.0038842584
s5_gyro_peak_angular_vel_norm_lag4,0.003847871
s3_gyro_peak_angular_vel_norm_lag3,0.0038383838
s1_acc_z_rms_norm_lag4,0.0037876721
s8_acc_z_rms_norm_lag1,0.0037027362
sym_ratio_emg_26_rs5,0.003569938
s8_gyro_peak_angular_vel_norm_lag3,0.0035636183
s3_acc_z_rms_norm_lag2,0.003501176
s1_acc_z_rms_norm_absd1,0.0034884503
loadshare_gyro_8,0.0034747154
s2_acc_z_rms_norm_delta1,0.0034474577
s3_acc_z_rms_norm,0.003414718
s3_emg_mav_norm_absd1,0.0034048497
s7_emg_mav_norm_rm5,0.0033219748
sym_ratio_gyro_26,0.0033178313
s3_acc_z_rms_norm_lag1,0.0032747085
s7_acc_z_rms_norm_lag4,0.0031525246
s3_gyro_peak_angular_vel_norm_absd1,0.003085192
s6_gyro_peak_angular_vel_norm_ema5,0.0030297586
s3_emg_mav_norm_ema5,0.0030257583
s8_acc_z_rms_norm_lag2,0.002887026
s7_gyro_peak_angular_vel_norm_lag1,0.0028601298
s3_gyro_peak_angular_vel_norm_lag4,0.002745086
s5_gyro_peak_angular_vel_norm_lag3,0.0026390264
s6_gyro_peak_angular_vel_norm_lag1,0.0025870348
s6_acc_z_rms_norm_absd1,0.0024948746
s3_emg_mav_norm_delta2,0.0023359694
s2_gyro_peak_angular_vel_norm_absd1,0.0022560463
s1_gyro_peak_angular_vel_norm_lag4,0.0022302507
s7_gyro_peak_angular_vel_norm_lag3,0.0022211631
s6_gyro_peak_angular_vel_norm_lag3,0.002199
s6_gyro_peak_angular_vel_norm_lag2,0.0021535393
s1_acc_z_rms_norm_delta2,0.0021281778
s6_gyro_peak_angular_vel_norm_lag4,0.0020895156
s5_gyro_peak_angular_vel_norm_lag2,0.0020594876
s3_gyro_peak_angular_vel_norm_lag2,0.0020155513
s4_emg_mav_norm_delta2,0.001989612
s5_gyro_peak_angular_vel_norm_delta2,0.0018805421
s7_gyro_peak_angular_vel_norm_lag2,0.0018584953
s1_gyro_peak_angular_vel_norm_delta1,0.0018254111
s1_acc_z_rms_norm_delta1,0.0017629159
s8_gyro_peak_angular_vel_norm_lag2,0.001748666
s5_gyro_peak_angular_vel_norm_delta1,0.0016535153
s8_gyro_peak_angular_vel_norm_delta1,0.0015961033
s6_acc_z_rms_norm_delta1,0.0015317835
s2_gyro_peak_angular_vel_norm_lag1,0.0015202346
s8_gyro_peak_angular_vel_norm_lag1,0.0014964493
s2_gyro_peak_angular_vel_norm_lag3,0.0013479167
s6_emg_mav_norm_delta1,0.0012658744
s7_acc_z_rms_norm_delta1,0.0011137452
s4_acc_z_rms_norm_delta1,0.0010714622
s8_acc_z_rms_norm_delta1,0.0010464422
s4_acc_z_rms_norm_delta2,0.0010162737
s2_gyro_peak_angular_vel_norm_lag2,0.0010002922
s1_emg_mav_norm_delta1,0.00097625895
s4_gyro_peak_angular_vel_norm_delta1,0.00089834334
s3_acc_z_rms_norm_delta1,0.0008788153
s3_emg_mav_norm_delta1,0.00083196524
s7_gyro_peak_angular_vel_norm_delta1,0.00082448515
s8_acc_z_rms_norm_delta2,0.000809849
sym_ratio_emg_26_symdelta,0.0007987299
s2_gyro_peak_angular_vel_norm_lag4,0.00079544616
s5_emg_mav_norm_delta1,0.0007629286
s6_gyro_peak_angular_vel_norm_delta1,0.0006837795
sym_ratio_emg_15_symdelta,0.0006681155
s2_acc_z_rms_norm_delta2,0.0006649898
s7_acc_z_rms_norm_delta2,0.00059365586
s2_gyro_peak_angular_vel_norm_delta1,0.00057264237
s7_emg_mav_norm_delta1,0.00056414126
s2_gyro_peak_angular_vel_norm_delta2,0.00055538485
s8_emg_mav_norm_delta2,0.00052254705
s3_acc_z_rms_norm_delta2,0.00049106235
s5_emg_mav_norm_delta2,0.00047846267
s6_gyro_peak_angular_vel_norm_delta2,0.00042018163
s1_emg_mav_norm_delta2,0.00040788497
s3_gyro_peak_angular_vel_norm_delta1,0.000397087
s5_acc_z_rms_norm_delta2,0.00037661535
s3_gyro_peak_angular_vel_norm_delta2,0.00035401477
s2_emg_mav_norm_delta2,0.0003345109
s6_emg_mav_norm_delta2,0.00029609996
s7_gyro_peak_angular_vel_norm_delta2,0.00026800905
s7_emg_mav_norm_delta2,0.00021743102
s8_gyro_peak_angular_vel_norm_delta2,0.00017268001
s1_gyro_peak_angular_vel_norm_delta2,0.00015343416
